-- MySQL dump 10.13  Distrib 8.0.18, for Win64 (x86_64)
--
-- Host: localhost    Database: laravel5
-- ------------------------------------------------------
-- Server version	8.0.18

/*!40101 SET @OLD_CHARACTER_SET_CLIENT=@@CHARACTER_SET_CLIENT */;
/*!40101 SET @OLD_CHARACTER_SET_RESULTS=@@CHARACTER_SET_RESULTS */;
/*!40101 SET @OLD_COLLATION_CONNECTION=@@COLLATION_CONNECTION */;
/*!50503 SET NAMES utf8 */;
/*!40103 SET @OLD_TIME_ZONE=@@TIME_ZONE */;
/*!40103 SET TIME_ZONE='+00:00' */;
/*!40014 SET @OLD_UNIQUE_CHECKS=@@UNIQUE_CHECKS, UNIQUE_CHECKS=0 */;
/*!40014 SET @OLD_FOREIGN_KEY_CHECKS=@@FOREIGN_KEY_CHECKS, FOREIGN_KEY_CHECKS=0 */;
/*!40101 SET @OLD_SQL_MODE=@@SQL_MODE, SQL_MODE='NO_AUTO_VALUE_ON_ZERO' */;
/*!40111 SET @OLD_SQL_NOTES=@@SQL_NOTES, SQL_NOTES=0 */;

--
-- Table structure for table `click108_infos`
--

DROP TABLE IF EXISTS `click108_infos`;
/*!40101 SET @saved_cs_client     = @@character_set_client */;
/*!50503 SET character_set_client = utf8mb4 */;
CREATE TABLE `click108_infos` (
  `id` bigint(20) unsigned NOT NULL AUTO_INCREMENT,
  `click108_id` int(10) unsigned NOT NULL COMMENT '星座主表ID',
  `click108_name_id` tinyint(4) NOT NULL COMMENT '星座ID',
  `type` tinyint(4) NOT NULL COMMENT '分類ID',
  `star` varchar(255) COLLATE utf8mb4_unicode_ci NOT NULL COMMENT '星座評分資訊',
  `star_count` tinyint(4) NOT NULL COMMENT '星座評分分數',
  `info` varchar(255) COLLATE utf8mb4_unicode_ci NOT NULL COMMENT '星座說明資訊',
  `created_at` timestamp NOT NULL DEFAULT CURRENT_TIMESTAMP,
  `updated_at` timestamp NOT NULL DEFAULT CURRENT_TIMESTAMP ON UPDATE CURRENT_TIMESTAMP,
  PRIMARY KEY (`id`),
  KEY `click108_infos_click108_id_foreign` (`click108_id`),
  CONSTRAINT `click108_infos_click108_id_foreign` FOREIGN KEY (`click108_id`) REFERENCES `click108s` (`id`) ON DELETE CASCADE ON UPDATE CASCADE
) ENGINE=InnoDB AUTO_INCREMENT=193 DEFAULT CHARSET=utf8mb4 COLLATE=utf8mb4_unicode_ci;
/*!40101 SET character_set_client = @saved_cs_client */;

--
-- Dumping data for table `click108_infos`
--

LOCK TABLES `click108_infos` WRITE;
/*!40000 ALTER TABLE `click108_infos` DISABLE KEYS */;
INSERT INTO `click108_infos` VALUES (1,2,1,1,'整體運勢★★★☆☆',3,'單身者有機會與異性約會，多注意自己的形象，小心因一些不經意的小動作而令對方反感。在與他人互動時，多照顧對方的內心感受，有不明白之處多請教對方意見，以免造成他人的困擾。','2020-04-19 03:42:36','2020-04-19 03:42:36'),(2,2,1,2,'愛情運勢★★★☆☆',3,'因為戀愛中的人對於家庭式的愛情模式很嚮往，有結婚的念頭。別著急，再觀察一些時間吧！愛的慾望強烈，很容易錯愛或是太過於放縱自己，學會控制自己的情感才好唷！','2020-04-19 03:42:42','2020-04-19 03:42:42'),(3,2,1,3,'事業運勢★★★☆☆',3,'精神很好，學習慾望強烈，正是學習充電的時候，多看書會讓你感覺充實。','2020-04-19 03:42:42','2020-04-19 03:42:42'),(4,2,1,4,'財運運勢★★☆☆☆',2,'會有小小破財，不過能從中得到許多經驗，在理財上變得成熟。','2020-04-19 03:42:42','2020-04-19 03:42:42'),(5,2,2,1,'整體運勢★★★☆☆',3,'不論是同事還是異性的邀請都不要拒絕，良好互動可讓你積累不少人脈。年輕又顯活力的服飾，讓你更受歡迎，玩得既愉快盡興，又能結識不錯的新朋友。不過今天有點粗心大意，出門前要對家中的門窗、電氣檢查一遍。','2020-04-19 03:42:42','2020-04-19 03:42:42'),(6,2,2,2,'愛情運勢★★★☆☆',3,'忙著自己的事情而把另一半忘了，幸好對方理解你，沒因此放在心上，別忘了日後給對方補償哦。','2020-04-19 03:42:42','2020-04-19 03:42:42'),(7,2,2,3,'事業運勢★★★☆☆',3,'多考慮周圍的人，自顧自的埋頭苦幹效果不一定好。多與同事合作，共同進步。','2020-04-19 03:42:42','2020-04-19 03:42:42'),(8,2,2,4,'財運運勢★★☆☆☆',2,'生意上容易出現意料之外的麻煩。例如：資金周轉困難、債主拖延、貨款出現問題等等。','2020-04-19 03:42:42','2020-04-19 03:42:42'),(9,2,3,1,'整體運勢★★★☆☆',3,'今天要處理的事情雜亂，試著平靜下來，冷靜的頭腦才是處理問題的關鍵；遇到對眼的異性，趕快採取行動吧；財運不太妙，手氣也欠佳，把時間放在其他有意義的事上，會更有收穫。','2020-04-19 03:42:42','2020-04-19 03:42:42'),(10,2,3,2,'愛情運勢★★★☆☆',3,'感受性強的一天，容易為情感傷，沉澱在過去的回憶裡。','2020-04-19 03:42:42','2020-04-19 03:42:42'),(11,2,3,3,'事業運勢★★★☆☆',3,'想離開現在的環境，但諸多的現實考慮，還是無法完全脫身。','2020-04-19 03:42:42','2020-04-19 03:42:42'),(12,2,3,4,'財運運勢★★☆☆☆',2,'提醒自己莫因物慾過重、貪戀花酒而舉債度日。','2020-04-19 03:42:42','2020-04-19 03:42:42'),(13,2,4,1,'整體運勢★★★★☆',4,'處於冷戰或失和的情侶今天有雨過天晴的徵兆，放下面子或某些堅持可緩和兩人的關係；在所在地進行投資能及時進行掌控，進展更為順利；學習上易產生厭倦的心理，無法安下心學習。','2020-04-19 03:42:42','2020-04-19 03:42:42'),(14,2,4,2,'愛情運勢★★★★☆',4,'夫妻之間多尊重彼此的私人空間，多體會彼此的內心感受，感情自然能順利發展。','2020-04-19 03:42:42','2020-04-19 03:42:42'),(15,2,4,3,'事業運勢★★★☆☆',3,'容易有挫折感，主導慾望增加卻往往事與願違，因無法忍受而產生負面思考！','2020-04-19 03:42:42','2020-04-19 03:42:42'),(16,2,4,4,'財運運勢★★★★★',5,'財運還不錯唷！有暗中收到禮物或金錢的機會。商務接洽者適合在競爭中得財。','2020-04-19 03:42:42','2020-04-19 03:42:42'),(17,2,5,1,'整體運勢★★★★★',5,'會有一種「眾裡尋他千百度，驀然回首燈火闌珊處」的感覺。對金錢看得比較淡，花錢也不計後果，有多少就會用多少。這種一個人吃飽、全家不餓的概念可要好好修正了，不然等有了另一半的時候再來改的話，日子就會不好過了哦。','2020-04-19 03:42:42','2020-04-19 03:42:42'),(18,2,5,2,'愛情運勢★★★★★',5,'愛情運強滾滾！羅曼蒂克的色彩濃厚，好好享受今日的美好時光吧！','2020-04-19 03:42:42','2020-04-19 03:42:42'),(19,2,5,3,'事業運勢★★★★☆',4,'運勢不錯，有許多機會讓你發揮、運用，而且容易得到異性朋友從中協助喔！','2020-04-19 03:42:42','2020-04-19 03:42:42'),(20,2,5,4,'財運運勢★★★★☆',4,'財運順暢，賺錢不太費力，股票族可憑著直覺與分析而小有收穫；商務談判者有機會接到訂單；對於一般上班族的影響不大。','2020-04-19 03:42:42','2020-04-19 03:42:42'),(21,2,6,1,'整體運勢★★★★☆',4,'田宅、居所會為你帶來很多瑣碎的問題，令你破費且花心機，還不如保持原狀；財源甚為穩定，且有意外之財，為人慷慨花點錢也是不可避免的事；和心愛之人瘋狂放縱一次，感情能燃燒得更旺。','2020-04-19 03:42:42','2020-04-19 03:42:42'),(22,2,6,2,'愛情運勢★★★★☆',4,'單身者有機會與異性約會，讓你有了戀愛的感覺，沉浸在愛情的甜蜜當中。','2020-04-19 03:42:42','2020-04-19 03:42:42'),(23,2,6,3,'事業運勢★★★☆☆',3,'面對挫折時態度較為成熟，但還是會為了面子問題而鑽牛角尖。','2020-04-19 03:42:42','2020-04-19 03:42:42'),(24,2,6,4,'財運運勢★★★★☆',4,'主動與客戶聯繫，財運不請自來。','2020-04-19 03:42:42','2020-04-19 03:42:42'),(25,2,7,1,'整體運勢★★★☆☆',3,'桃花接踵而至，但每朵桃花出現的方式都不盡相同，還得睜大雙眼哦！熱衷於股市投資的人今天不要急著出手，時機還未成熟；工作中會有不錯的表現機會，可別老待在家裡，機會多來自公司組織的活動哦！','2020-04-19 03:42:42','2020-04-19 03:42:42'),(26,2,7,2,'愛情運勢★★★★☆',4,'夫妻感情融洽，沉浸在家庭的歡樂氣氛中；戀愛中人走訪雙方父母，商討結婚事宜。','2020-04-19 03:42:42','2020-04-19 03:42:42'),(27,2,7,3,'事業運勢★★★☆☆',3,'可做自己長久以來一直想做的事，易如願以償；在圖書館、休閒中心易遇到貴人。','2020-04-19 03:42:42','2020-04-19 03:42:42'),(28,2,7,4,'財運運勢★★☆☆☆',2,'莫過度斤斤計較，否則恐淪為他人眼中的小氣財神。','2020-04-19 03:42:42','2020-04-19 03:42:42'),(29,2,8,1,'整體運勢★★★☆☆',3,'給愛人一個LOVEKISS吧，相信他會覺得異樣的甜蜜；多去朋友、親戚家串串門子，聯絡聯絡感情，大家一起樂活樂活；沒有工作的壓力、沒有擾人的業務聯絡電話，心情大為舒暢。','2020-04-19 03:42:42','2020-04-19 03:42:42'),(30,2,8,2,'愛情運勢★★★☆☆',3,'對情人不妨大方一些，有空多陪對方散散步，買些小禮物表示你的心意，對方會很開心喔！','2020-04-19 03:42:42','2020-04-19 03:42:42'),(31,2,8,3,'事業運勢★★★★☆',4,'思路清晰，是學習新知、提高技能的好時機，可考慮學習進修之事。','2020-04-19 03:42:42','2020-04-19 03:42:42'),(32,2,8,4,'財運運勢★★★☆☆',3,'用活潑與幽默來展現個人魅力，方能開啟財運。','2020-04-19 03:42:42','2020-04-19 03:42:42'),(33,2,9,1,'整體運勢★★★☆☆',3,'今天是放鬆身心的日子，可以玩網路遊戲，讓你沉醉在遊戲的情節，有身臨其境的感覺；也可以看看經典的武俠小說，能喚起你心中成為英雄美女的夢想，讓你感懷生活，激發對美好明天的憧憬。','2020-04-19 03:42:42','2020-04-19 03:42:42'),(34,2,9,2,'愛情運勢★★★☆☆',3,'戀愛中的人感情難以突破，讓你的內心感到不安。別鑽牛角尖，要相信自己也相信對方才行。','2020-04-19 03:42:42','2020-04-19 03:42:42'),(35,2,9,3,'事業運勢★★☆☆☆',2,'容易有一些突如其來的困難讓你措手不及，做事應小心謹慎，感情用事會誤了大事唷！','2020-04-19 03:42:42','2020-04-19 03:42:42'),(36,2,9,4,'財運運勢★★★★☆',4,'當遇到錢財困境時，有貴人相助，事情進行得很順利。','2020-04-19 03:42:42','2020-04-19 03:42:42'),(37,2,10,1,'整體運勢★★★☆☆',3,'情緒掌控得較好，只要對周圍的人多花點心思，就能相處愉快。財運上還需要穩紮穩打，不要太過急進。適合參加團體活動，長袖善舞能為你贏得好口碑。回家時給家人帶份宵夜，會讓他們覺得很溫馨。','2020-04-19 03:42:42','2020-04-19 03:42:42'),(38,2,10,2,'愛情運勢★★★☆☆',3,'你和戀人的關係趨於平順。倘若能培養共同的興趣愛好，感情會更上一層樓唷！','2020-04-19 03:42:42','2020-04-19 03:42:42'),(39,2,10,3,'事業運勢★★★☆☆',3,'雖然要完成的事情很多，但因家人的支持與關心，讓你內心充滿鬥志，辦事效率大增。','2020-04-19 03:42:42','2020-04-19 03:42:42'),(40,2,10,4,'財運運勢★★☆☆☆',2,'徬徨不前、散漫懶惰者，則得財不順，容易流失錢財。','2020-04-19 03:42:42','2020-04-19 03:42:42'),(41,2,11,1,'整體運勢★★★★☆',4,'愛神高調降臨，無需花費心思引人注意，親切的問候或貼心的舉動，已經獲得他的好評。健身房、茶藝館、咖啡廳等休閒娛樂場所是你的幸運地，放鬆的同時，還有機會結識新朋友。手氣平淡，不宜走偏財門路。','2020-04-19 03:42:42','2020-04-19 03:42:42'),(42,2,11,2,'愛情運勢★★★★☆',4,'在聚會中有機會結識成熟穩重的異性朋友，若能保持聯繫，可迅速拉近彼此的距離！','2020-04-19 03:42:42','2020-04-19 03:42:42'),(43,2,11,3,'事業運勢★★★★☆',4,'運勢佳，別一昧追求和諧，該爭取的時候就要堅持，表現你的競爭力。','2020-04-19 03:42:42','2020-04-19 03:42:42'),(44,2,11,4,'財運運勢★★★☆☆',3,'對親戚朋友的打點是一項不可避免的開銷。','2020-04-19 03:42:42','2020-04-19 03:42:42'),(45,2,12,1,'整體運勢★★★☆☆',3,'良好的人際關係，在生活中能為你幫不少忙。收到一堆信件沒有回覆，利用今天的空閒一次處理完畢。桃花運不錯，會有意料之外的相遇，努力表現哦。給父母買套合身的衣服，他們會為有你這麼孝順的子女而開心。','2020-04-19 03:42:42','2020-04-19 03:42:42'),(46,2,12,2,'愛情運勢★★★★☆',4,'已婚者與另一半度過甜蜜，令感情大增；單身者與朋友相處融洽，人氣指數上升！','2020-04-19 03:42:42','2020-04-19 03:42:42'),(47,2,12,3,'事業運勢★★★☆☆',3,'運勢平順，適合調整步伐，別急著向前衝，有機會從他人口中獲得商業信息。','2020-04-19 03:42:42','2020-04-19 03:42:42'),(48,2,12,4,'財運運勢★★★☆☆',3,'對於道聽塗說得來的投資信息，不可全信，只可參考。','2020-04-19 03:42:42','2020-04-19 03:42:42'),(49,3,1,1,'整體運勢★★★☆☆',3,'單身者有機會與異性約會，多注意自己的形象，小心因一些不經意的小動作而令對方反感。在與他人互動時，多照顧對方的內心感受，有不明白之處多請教對方意見，以免造成他人的困擾。','2020-04-19 12:04:10','2020-04-19 12:04:10'),(50,3,1,2,'愛情運勢★★★☆☆',3,'因為戀愛中的人對於家庭式的愛情模式很嚮往，有結婚的念頭。別著急，再觀察一些時間吧！愛的慾望強烈，很容易錯愛或是太過於放縱自己，學會控制自己的情感才好唷！','2020-04-19 12:04:10','2020-04-19 12:04:10'),(51,3,1,3,'事業運勢★★★☆☆',3,'精神很好，學習慾望強烈，正是學習充電的時候，多看書會讓你感覺充實。','2020-04-19 12:04:10','2020-04-19 12:04:10'),(52,3,1,4,'財運運勢★★☆☆☆',2,'會有小小破財，不過能從中得到許多經驗，在理財上變得成熟。','2020-04-19 12:04:10','2020-04-19 12:04:10'),(53,3,2,1,'整體運勢★★★☆☆',3,'不論是同事還是異性的邀請都不要拒絕，良好互動可讓你積累不少人脈。年輕又顯活力的服飾，讓你更受歡迎，玩得既愉快盡興，又能結識不錯的新朋友。不過今天有點粗心大意，出門前要對家中的門窗、電氣檢查一遍。','2020-04-19 12:04:10','2020-04-19 12:04:10'),(54,3,2,2,'愛情運勢★★★☆☆',3,'忙著自己的事情而把另一半忘了，幸好對方理解你，沒因此放在心上，別忘了日後給對方補償哦。','2020-04-19 12:04:10','2020-04-19 12:04:10'),(55,3,2,3,'事業運勢★★★☆☆',3,'多考慮周圍的人，自顧自的埋頭苦幹效果不一定好。多與同事合作，共同進步。','2020-04-19 12:04:10','2020-04-19 12:04:10'),(56,3,2,4,'財運運勢★★☆☆☆',2,'生意上容易出現意料之外的麻煩。例如：資金周轉困難、債主拖延、貨款出現問題等等。','2020-04-19 12:04:10','2020-04-19 12:04:10'),(57,3,3,1,'整體運勢★★★☆☆',3,'今天要處理的事情雜亂，試著平靜下來，冷靜的頭腦才是處理問題的關鍵；遇到對眼的異性，趕快採取行動吧；財運不太妙，手氣也欠佳，把時間放在其他有意義的事上，會更有收穫。','2020-04-19 12:04:10','2020-04-19 12:04:10'),(58,3,3,2,'愛情運勢★★★☆☆',3,'感受性強的一天，容易為情感傷，沉澱在過去的回憶裡。','2020-04-19 12:04:10','2020-04-19 12:04:10'),(59,3,3,3,'事業運勢★★★☆☆',3,'想離開現在的環境，但諸多的現實考慮，還是無法完全脫身。','2020-04-19 12:04:10','2020-04-19 12:04:10'),(60,3,3,4,'財運運勢★★☆☆☆',2,'提醒自己莫因物慾過重、貪戀花酒而舉債度日。','2020-04-19 12:04:10','2020-04-19 12:04:10'),(61,3,4,1,'整體運勢★★★★☆',4,'處於冷戰或失和的情侶今天有雨過天晴的徵兆，放下面子或某些堅持可緩和兩人的關係；在所在地進行投資能及時進行掌控，進展更為順利；學習上易產生厭倦的心理，無法安下心學習。','2020-04-19 12:04:10','2020-04-19 12:04:10'),(62,3,4,2,'愛情運勢★★★★☆',4,'夫妻之間多尊重彼此的私人空間，多體會彼此的內心感受，感情自然能順利發展。','2020-04-19 12:04:10','2020-04-19 12:04:10'),(63,3,4,3,'事業運勢★★★☆☆',3,'容易有挫折感，主導慾望增加卻往往事與願違，因無法忍受而產生負面思考！','2020-04-19 12:04:10','2020-04-19 12:04:10'),(64,3,4,4,'財運運勢★★★★★',5,'財運還不錯唷！有暗中收到禮物或金錢的機會。商務接洽者適合在競爭中得財。','2020-04-19 12:04:10','2020-04-19 12:04:10'),(65,3,5,1,'整體運勢★★★★★',5,'會有一種「眾裡尋他千百度，驀然回首燈火闌珊處」的感覺。對金錢看得比較淡，花錢也不計後果，有多少就會用多少。這種一個人吃飽、全家不餓的概念可要好好修正了，不然等有了另一半的時候再來改的話，日子就會不好過了哦。','2020-04-19 12:04:10','2020-04-19 12:04:10'),(66,3,5,2,'愛情運勢★★★★★',5,'愛情運強滾滾！羅曼蒂克的色彩濃厚，好好享受今日的美好時光吧！','2020-04-19 12:04:10','2020-04-19 12:04:10'),(67,3,5,3,'事業運勢★★★★☆',4,'運勢不錯，有許多機會讓你發揮、運用，而且容易得到異性朋友從中協助喔！','2020-04-19 12:04:10','2020-04-19 12:04:10'),(68,3,5,4,'財運運勢★★★★☆',4,'財運順暢，賺錢不太費力，股票族可憑著直覺與分析而小有收穫；商務談判者有機會接到訂單；對於一般上班族的影響不大。','2020-04-19 12:04:10','2020-04-19 12:04:10'),(69,3,6,1,'整體運勢★★★★☆',4,'田宅、居所會為你帶來很多瑣碎的問題，令你破費且花心機，還不如保持原狀；財源甚為穩定，且有意外之財，為人慷慨花點錢也是不可避免的事；和心愛之人瘋狂放縱一次，感情能燃燒得更旺。','2020-04-19 12:04:10','2020-04-19 12:04:10'),(70,3,6,2,'愛情運勢★★★★☆',4,'單身者有機會與異性約會，讓你有了戀愛的感覺，沉浸在愛情的甜蜜當中。','2020-04-19 12:04:10','2020-04-19 12:04:10'),(71,3,6,3,'事業運勢★★★☆☆',3,'面對挫折時態度較為成熟，但還是會為了面子問題而鑽牛角尖。','2020-04-19 12:04:10','2020-04-19 12:04:10'),(72,3,6,4,'財運運勢★★★★☆',4,'主動與客戶聯繫，財運不請自來。','2020-04-19 12:04:10','2020-04-19 12:04:10'),(73,3,7,1,'整體運勢★★★☆☆',3,'桃花接踵而至，但每朵桃花出現的方式都不盡相同，還得睜大雙眼哦！熱衷於股市投資的人今天不要急著出手，時機還未成熟；工作中會有不錯的表現機會，可別老待在家裡，機會多來自公司組織的活動哦！','2020-04-19 12:04:10','2020-04-19 12:04:10'),(74,3,7,2,'愛情運勢★★★★☆',4,'夫妻感情融洽，沉浸在家庭的歡樂氣氛中；戀愛中人走訪雙方父母，商討結婚事宜。','2020-04-19 12:04:10','2020-04-19 12:04:10'),(75,3,7,3,'事業運勢★★★☆☆',3,'可做自己長久以來一直想做的事，易如願以償；在圖書館、休閒中心易遇到貴人。','2020-04-19 12:04:10','2020-04-19 12:04:10'),(76,3,7,4,'財運運勢★★☆☆☆',2,'莫過度斤斤計較，否則恐淪為他人眼中的小氣財神。','2020-04-19 12:04:10','2020-04-19 12:04:10'),(77,3,8,1,'整體運勢★★★☆☆',3,'給愛人一個LOVEKISS吧，相信他會覺得異樣的甜蜜；多去朋友、親戚家串串門子，聯絡聯絡感情，大家一起樂活樂活；沒有工作的壓力、沒有擾人的業務聯絡電話，心情大為舒暢。','2020-04-19 12:04:10','2020-04-19 12:04:10'),(78,3,8,2,'愛情運勢★★★☆☆',3,'對情人不妨大方一些，有空多陪對方散散步，買些小禮物表示你的心意，對方會很開心喔！','2020-04-19 12:04:10','2020-04-19 12:04:10'),(79,3,8,3,'事業運勢★★★★☆',4,'思路清晰，是學習新知、提高技能的好時機，可考慮學習進修之事。','2020-04-19 12:04:10','2020-04-19 12:04:10'),(80,3,8,4,'財運運勢★★★☆☆',3,'用活潑與幽默來展現個人魅力，方能開啟財運。','2020-04-19 12:04:10','2020-04-19 12:04:10'),(81,3,9,1,'整體運勢★★★☆☆',3,'今天是放鬆身心的日子，可以玩網路遊戲，讓你沉醉在遊戲的情節，有身臨其境的感覺；也可以看看經典的武俠小說，能喚起你心中成為英雄美女的夢想，讓你感懷生活，激發對美好明天的憧憬。','2020-04-19 12:04:10','2020-04-19 12:04:10'),(82,3,9,2,'愛情運勢★★★☆☆',3,'戀愛中的人感情難以突破，讓你的內心感到不安。別鑽牛角尖，要相信自己也相信對方才行。','2020-04-19 12:04:10','2020-04-19 12:04:10'),(83,3,9,3,'事業運勢★★☆☆☆',2,'容易有一些突如其來的困難讓你措手不及，做事應小心謹慎，感情用事會誤了大事唷！','2020-04-19 12:04:10','2020-04-19 12:04:10'),(84,3,9,4,'財運運勢★★★★☆',4,'當遇到錢財困境時，有貴人相助，事情進行得很順利。','2020-04-19 12:04:10','2020-04-19 12:04:10'),(85,3,10,1,'整體運勢★★★☆☆',3,'情緒掌控得較好，只要對周圍的人多花點心思，就能相處愉快。財運上還需要穩紮穩打，不要太過急進。適合參加團體活動，長袖善舞能為你贏得好口碑。回家時給家人帶份宵夜，會讓他們覺得很溫馨。','2020-04-19 12:04:11','2020-04-19 12:04:11'),(86,3,10,2,'愛情運勢★★★☆☆',3,'你和戀人的關係趨於平順。倘若能培養共同的興趣愛好，感情會更上一層樓唷！','2020-04-19 12:04:11','2020-04-19 12:04:11'),(87,3,10,3,'事業運勢★★★☆☆',3,'雖然要完成的事情很多，但因家人的支持與關心，讓你內心充滿鬥志，辦事效率大增。','2020-04-19 12:04:11','2020-04-19 12:04:11'),(88,3,10,4,'財運運勢★★☆☆☆',2,'徬徨不前、散漫懶惰者，則得財不順，容易流失錢財。','2020-04-19 12:04:11','2020-04-19 12:04:11'),(89,3,11,1,'整體運勢★★★★☆',4,'愛神高調降臨，無需花費心思引人注意，親切的問候或貼心的舉動，已經獲得他的好評。健身房、茶藝館、咖啡廳等休閒娛樂場所是你的幸運地，放鬆的同時，還有機會結識新朋友。手氣平淡，不宜走偏財門路。','2020-04-19 12:04:11','2020-04-19 12:04:11'),(90,3,11,2,'愛情運勢★★★★☆',4,'在聚會中有機會結識成熟穩重的異性朋友，若能保持聯繫，可迅速拉近彼此的距離！','2020-04-19 12:04:11','2020-04-19 12:04:11'),(91,3,11,3,'事業運勢★★★★☆',4,'運勢佳，別一昧追求和諧，該爭取的時候就要堅持，表現你的競爭力。','2020-04-19 12:04:11','2020-04-19 12:04:11'),(92,3,11,4,'財運運勢★★★☆☆',3,'對親戚朋友的打點是一項不可避免的開銷。','2020-04-19 12:04:11','2020-04-19 12:04:11'),(93,3,12,1,'整體運勢★★★☆☆',3,'良好的人際關係，在生活中能為你幫不少忙。收到一堆信件沒有回覆，利用今天的空閒一次處理完畢。桃花運不錯，會有意料之外的相遇，努力表現哦。給父母買套合身的衣服，他們會為有你這麼孝順的子女而開心。','2020-04-19 12:04:11','2020-04-19 12:04:11'),(94,3,12,2,'愛情運勢★★★★☆',4,'已婚者與另一半度過甜蜜，令感情大增；單身者與朋友相處融洽，人氣指數上升！','2020-04-19 12:04:11','2020-04-19 12:04:11'),(95,3,12,3,'事業運勢★★★☆☆',3,'運勢平順，適合調整步伐，別急著向前衝，有機會從他人口中獲得商業信息。','2020-04-19 12:04:11','2020-04-19 12:04:11'),(96,3,12,4,'財運運勢★★★☆☆',3,'對於道聽塗說得來的投資信息，不可全信，只可參考。','2020-04-19 12:04:11','2020-04-19 12:04:11'),(97,4,1,1,'整體運勢★★★☆☆',3,'單身者有機會與異性約會，多注意自己的形象，小心因一些不經意的小動作而令對方反感。在與他人互動時，多照顧對方的內心感受，有不明白之處多請教對方意見，以免造成他人的困擾。','2020-04-19 13:03:47','2020-04-19 13:03:47'),(98,4,1,2,'愛情運勢★★★☆☆',3,'因為戀愛中的人對於家庭式的愛情模式很嚮往，有結婚的念頭。別著急，再觀察一些時間吧！愛的慾望強烈，很容易錯愛或是太過於放縱自己，學會控制自己的情感才好唷！','2020-04-19 13:03:47','2020-04-19 13:03:47'),(99,4,1,3,'事業運勢★★★☆☆',3,'精神很好，學習慾望強烈，正是學習充電的時候，多看書會讓你感覺充實。','2020-04-19 13:03:47','2020-04-19 13:03:47'),(100,4,1,4,'財運運勢★★☆☆☆',2,'會有小小破財，不過能從中得到許多經驗，在理財上變得成熟。','2020-04-19 13:03:47','2020-04-19 13:03:47'),(101,4,2,1,'整體運勢★★★☆☆',3,'不論是同事還是異性的邀請都不要拒絕，良好互動可讓你積累不少人脈。年輕又顯活力的服飾，讓你更受歡迎，玩得既愉快盡興，又能結識不錯的新朋友。不過今天有點粗心大意，出門前要對家中的門窗、電氣檢查一遍。','2020-04-19 13:03:47','2020-04-19 13:03:47'),(102,4,2,2,'愛情運勢★★★☆☆',3,'忙著自己的事情而把另一半忘了，幸好對方理解你，沒因此放在心上，別忘了日後給對方補償哦。','2020-04-19 13:03:47','2020-04-19 13:03:47'),(103,4,2,3,'事業運勢★★★☆☆',3,'多考慮周圍的人，自顧自的埋頭苦幹效果不一定好。多與同事合作，共同進步。','2020-04-19 13:03:47','2020-04-19 13:03:47'),(104,4,2,4,'財運運勢★★☆☆☆',2,'生意上容易出現意料之外的麻煩。例如：資金周轉困難、債主拖延、貨款出現問題等等。','2020-04-19 13:03:47','2020-04-19 13:03:47'),(105,4,3,1,'整體運勢★★★☆☆',3,'今天要處理的事情雜亂，試著平靜下來，冷靜的頭腦才是處理問題的關鍵；遇到對眼的異性，趕快採取行動吧；財運不太妙，手氣也欠佳，把時間放在其他有意義的事上，會更有收穫。','2020-04-19 13:03:47','2020-04-19 13:03:47'),(106,4,3,2,'愛情運勢★★★☆☆',3,'感受性強的一天，容易為情感傷，沉澱在過去的回憶裡。','2020-04-19 13:03:47','2020-04-19 13:03:47'),(107,4,3,3,'事業運勢★★★☆☆',3,'想離開現在的環境，但諸多的現實考慮，還是無法完全脫身。','2020-04-19 13:03:47','2020-04-19 13:03:47'),(108,4,3,4,'財運運勢★★☆☆☆',2,'提醒自己莫因物慾過重、貪戀花酒而舉債度日。','2020-04-19 13:03:47','2020-04-19 13:03:47'),(109,4,4,1,'整體運勢★★★★☆',4,'處於冷戰或失和的情侶今天有雨過天晴的徵兆，放下面子或某些堅持可緩和兩人的關係；在所在地進行投資能及時進行掌控，進展更為順利；學習上易產生厭倦的心理，無法安下心學習。','2020-04-19 13:03:47','2020-04-19 13:03:47'),(110,4,4,2,'愛情運勢★★★★☆',4,'夫妻之間多尊重彼此的私人空間，多體會彼此的內心感受，感情自然能順利發展。','2020-04-19 13:03:47','2020-04-19 13:03:47'),(111,4,4,3,'事業運勢★★★☆☆',3,'容易有挫折感，主導慾望增加卻往往事與願違，因無法忍受而產生負面思考！','2020-04-19 13:03:47','2020-04-19 13:03:47'),(112,4,4,4,'財運運勢★★★★★',5,'財運還不錯唷！有暗中收到禮物或金錢的機會。商務接洽者適合在競爭中得財。','2020-04-19 13:03:47','2020-04-19 13:03:47'),(113,4,5,1,'整體運勢★★★★★',5,'會有一種「眾裡尋他千百度，驀然回首燈火闌珊處」的感覺。對金錢看得比較淡，花錢也不計後果，有多少就會用多少。這種一個人吃飽、全家不餓的概念可要好好修正了，不然等有了另一半的時候再來改的話，日子就會不好過了哦。','2020-04-19 13:03:47','2020-04-19 13:03:47'),(114,4,5,2,'愛情運勢★★★★★',5,'愛情運強滾滾！羅曼蒂克的色彩濃厚，好好享受今日的美好時光吧！','2020-04-19 13:03:47','2020-04-19 13:03:47'),(115,4,5,3,'事業運勢★★★★☆',4,'運勢不錯，有許多機會讓你發揮、運用，而且容易得到異性朋友從中協助喔！','2020-04-19 13:03:47','2020-04-19 13:03:47'),(116,4,5,4,'財運運勢★★★★☆',4,'財運順暢，賺錢不太費力，股票族可憑著直覺與分析而小有收穫；商務談判者有機會接到訂單；對於一般上班族的影響不大。','2020-04-19 13:03:47','2020-04-19 13:03:47'),(117,4,6,1,'整體運勢★★★★☆',4,'田宅、居所會為你帶來很多瑣碎的問題，令你破費且花心機，還不如保持原狀；財源甚為穩定，且有意外之財，為人慷慨花點錢也是不可避免的事；和心愛之人瘋狂放縱一次，感情能燃燒得更旺。','2020-04-19 13:03:47','2020-04-19 13:03:47'),(118,4,6,2,'愛情運勢★★★★☆',4,'單身者有機會與異性約會，讓你有了戀愛的感覺，沉浸在愛情的甜蜜當中。','2020-04-19 13:03:47','2020-04-19 13:03:47'),(119,4,6,3,'事業運勢★★★☆☆',3,'面對挫折時態度較為成熟，但還是會為了面子問題而鑽牛角尖。','2020-04-19 13:03:47','2020-04-19 13:03:47'),(120,4,6,4,'財運運勢★★★★☆',4,'主動與客戶聯繫，財運不請自來。','2020-04-19 13:03:47','2020-04-19 13:03:47'),(121,4,7,1,'整體運勢★★★☆☆',3,'桃花接踵而至，但每朵桃花出現的方式都不盡相同，還得睜大雙眼哦！熱衷於股市投資的人今天不要急著出手，時機還未成熟；工作中會有不錯的表現機會，可別老待在家裡，機會多來自公司組織的活動哦！','2020-04-19 13:03:47','2020-04-19 13:03:47'),(122,4,7,2,'愛情運勢★★★★☆',4,'夫妻感情融洽，沉浸在家庭的歡樂氣氛中；戀愛中人走訪雙方父母，商討結婚事宜。','2020-04-19 13:03:47','2020-04-19 13:03:47'),(123,4,7,3,'事業運勢★★★☆☆',3,'可做自己長久以來一直想做的事，易如願以償；在圖書館、休閒中心易遇到貴人。','2020-04-19 13:03:47','2020-04-19 13:03:47'),(124,4,7,4,'財運運勢★★☆☆☆',2,'莫過度斤斤計較，否則恐淪為他人眼中的小氣財神。','2020-04-19 13:03:47','2020-04-19 13:03:47'),(125,4,8,1,'整體運勢★★★☆☆',3,'給愛人一個LOVEKISS吧，相信他會覺得異樣的甜蜜；多去朋友、親戚家串串門子，聯絡聯絡感情，大家一起樂活樂活；沒有工作的壓力、沒有擾人的業務聯絡電話，心情大為舒暢。','2020-04-19 13:03:47','2020-04-19 13:03:47'),(126,4,8,2,'愛情運勢★★★☆☆',3,'對情人不妨大方一些，有空多陪對方散散步，買些小禮物表示你的心意，對方會很開心喔！','2020-04-19 13:03:47','2020-04-19 13:03:47'),(127,4,8,3,'事業運勢★★★★☆',4,'思路清晰，是學習新知、提高技能的好時機，可考慮學習進修之事。','2020-04-19 13:03:47','2020-04-19 13:03:47'),(128,4,8,4,'財運運勢★★★☆☆',3,'用活潑與幽默來展現個人魅力，方能開啟財運。','2020-04-19 13:03:47','2020-04-19 13:03:47'),(129,4,9,1,'整體運勢★★★☆☆',3,'今天是放鬆身心的日子，可以玩網路遊戲，讓你沉醉在遊戲的情節，有身臨其境的感覺；也可以看看經典的武俠小說，能喚起你心中成為英雄美女的夢想，讓你感懷生活，激發對美好明天的憧憬。','2020-04-19 13:03:47','2020-04-19 13:03:47'),(130,4,9,2,'愛情運勢★★★☆☆',3,'戀愛中的人感情難以突破，讓你的內心感到不安。別鑽牛角尖，要相信自己也相信對方才行。','2020-04-19 13:03:47','2020-04-19 13:03:47'),(131,4,9,3,'事業運勢★★☆☆☆',2,'容易有一些突如其來的困難讓你措手不及，做事應小心謹慎，感情用事會誤了大事唷！','2020-04-19 13:03:48','2020-04-19 13:03:48'),(132,4,9,4,'財運運勢★★★★☆',4,'當遇到錢財困境時，有貴人相助，事情進行得很順利。','2020-04-19 13:03:48','2020-04-19 13:03:48'),(133,4,10,1,'整體運勢★★★☆☆',3,'情緒掌控得較好，只要對周圍的人多花點心思，就能相處愉快。財運上還需要穩紮穩打，不要太過急進。適合參加團體活動，長袖善舞能為你贏得好口碑。回家時給家人帶份宵夜，會讓他們覺得很溫馨。','2020-04-19 13:03:48','2020-04-19 13:03:48'),(134,4,10,2,'愛情運勢★★★☆☆',3,'你和戀人的關係趨於平順。倘若能培養共同的興趣愛好，感情會更上一層樓唷！','2020-04-19 13:03:48','2020-04-19 13:03:48'),(135,4,10,3,'事業運勢★★★☆☆',3,'雖然要完成的事情很多，但因家人的支持與關心，讓你內心充滿鬥志，辦事效率大增。','2020-04-19 13:03:48','2020-04-19 13:03:48'),(136,4,10,4,'財運運勢★★☆☆☆',2,'徬徨不前、散漫懶惰者，則得財不順，容易流失錢財。','2020-04-19 13:03:48','2020-04-19 13:03:48'),(137,4,11,1,'整體運勢★★★★☆',4,'愛神高調降臨，無需花費心思引人注意，親切的問候或貼心的舉動，已經獲得他的好評。健身房、茶藝館、咖啡廳等休閒娛樂場所是你的幸運地，放鬆的同時，還有機會結識新朋友。手氣平淡，不宜走偏財門路。','2020-04-19 13:03:48','2020-04-19 13:03:48'),(138,4,11,2,'愛情運勢★★★★☆',4,'在聚會中有機會結識成熟穩重的異性朋友，若能保持聯繫，可迅速拉近彼此的距離！','2020-04-19 13:03:48','2020-04-19 13:03:48'),(139,4,11,3,'事業運勢★★★★☆',4,'運勢佳，別一昧追求和諧，該爭取的時候就要堅持，表現你的競爭力。','2020-04-19 13:03:48','2020-04-19 13:03:48'),(140,4,11,4,'財運運勢★★★☆☆',3,'對親戚朋友的打點是一項不可避免的開銷。','2020-04-19 13:03:48','2020-04-19 13:03:48'),(141,4,12,1,'整體運勢★★★☆☆',3,'良好的人際關係，在生活中能為你幫不少忙。收到一堆信件沒有回覆，利用今天的空閒一次處理完畢。桃花運不錯，會有意料之外的相遇，努力表現哦。給父母買套合身的衣服，他們會為有你這麼孝順的子女而開心。','2020-04-19 13:03:48','2020-04-19 13:03:48'),(142,4,12,2,'愛情運勢★★★★☆',4,'已婚者與另一半度過甜蜜，令感情大增；單身者與朋友相處融洽，人氣指數上升！','2020-04-19 13:03:48','2020-04-19 13:03:48'),(143,4,12,3,'事業運勢★★★☆☆',3,'運勢平順，適合調整步伐，別急著向前衝，有機會從他人口中獲得商業信息。','2020-04-19 13:03:48','2020-04-19 13:03:48'),(144,4,12,4,'財運運勢★★★☆☆',3,'對於道聽塗說得來的投資信息，不可全信，只可參考。','2020-04-19 13:03:48','2020-04-19 13:03:48'),(145,5,1,1,'整體運勢★★★☆☆',3,'單身者有機會與異性約會，多注意自己的形象，小心因一些不經意的小動作而令對方反感。在與他人互動時，多照顧對方的內心感受，有不明白之處多請教對方意見，以免造成他人的困擾。','2020-04-19 14:03:54','2020-04-19 14:03:54'),(146,5,1,2,'愛情運勢★★★☆☆',3,'因為戀愛中的人對於家庭式的愛情模式很嚮往，有結婚的念頭。別著急，再觀察一些時間吧！愛的慾望強烈，很容易錯愛或是太過於放縱自己，學會控制自己的情感才好唷！','2020-04-19 14:03:54','2020-04-19 14:03:54'),(147,5,1,3,'事業運勢★★★☆☆',3,'精神很好，學習慾望強烈，正是學習充電的時候，多看書會讓你感覺充實。','2020-04-19 14:03:54','2020-04-19 14:03:54'),(148,5,1,4,'財運運勢★★☆☆☆',2,'會有小小破財，不過能從中得到許多經驗，在理財上變得成熟。','2020-04-19 14:03:54','2020-04-19 14:03:54'),(149,5,2,1,'整體運勢★★★☆☆',3,'不論是同事還是異性的邀請都不要拒絕，良好互動可讓你積累不少人脈。年輕又顯活力的服飾，讓你更受歡迎，玩得既愉快盡興，又能結識不錯的新朋友。不過今天有點粗心大意，出門前要對家中的門窗、電氣檢查一遍。','2020-04-19 14:03:54','2020-04-19 14:03:54'),(150,5,2,2,'愛情運勢★★★☆☆',3,'忙著自己的事情而把另一半忘了，幸好對方理解你，沒因此放在心上，別忘了日後給對方補償哦。','2020-04-19 14:03:54','2020-04-19 14:03:54'),(151,5,2,3,'事業運勢★★★☆☆',3,'多考慮周圍的人，自顧自的埋頭苦幹效果不一定好。多與同事合作，共同進步。','2020-04-19 14:03:54','2020-04-19 14:03:54'),(152,5,2,4,'財運運勢★★☆☆☆',2,'生意上容易出現意料之外的麻煩。例如：資金周轉困難、債主拖延、貨款出現問題等等。','2020-04-19 14:03:54','2020-04-19 14:03:54'),(153,5,3,1,'整體運勢★★★☆☆',3,'今天要處理的事情雜亂，試著平靜下來，冷靜的頭腦才是處理問題的關鍵；遇到對眼的異性，趕快採取行動吧；財運不太妙，手氣也欠佳，把時間放在其他有意義的事上，會更有收穫。','2020-04-19 14:03:54','2020-04-19 14:03:54'),(154,5,3,2,'愛情運勢★★★☆☆',3,'感受性強的一天，容易為情感傷，沉澱在過去的回憶裡。','2020-04-19 14:03:54','2020-04-19 14:03:54'),(155,5,3,3,'事業運勢★★★☆☆',3,'想離開現在的環境，但諸多的現實考慮，還是無法完全脫身。','2020-04-19 14:03:54','2020-04-19 14:03:54'),(156,5,3,4,'財運運勢★★☆☆☆',2,'提醒自己莫因物慾過重、貪戀花酒而舉債度日。','2020-04-19 14:03:54','2020-04-19 14:03:54'),(157,5,4,1,'整體運勢★★★★☆',4,'處於冷戰或失和的情侶今天有雨過天晴的徵兆，放下面子或某些堅持可緩和兩人的關係；在所在地進行投資能及時進行掌控，進展更為順利；學習上易產生厭倦的心理，無法安下心學習。','2020-04-19 14:03:54','2020-04-19 14:03:54'),(158,5,4,2,'愛情運勢★★★★☆',4,'夫妻之間多尊重彼此的私人空間，多體會彼此的內心感受，感情自然能順利發展。','2020-04-19 14:03:54','2020-04-19 14:03:54'),(159,5,4,3,'事業運勢★★★☆☆',3,'容易有挫折感，主導慾望增加卻往往事與願違，因無法忍受而產生負面思考！','2020-04-19 14:03:54','2020-04-19 14:03:54'),(160,5,4,4,'財運運勢★★★★★',5,'財運還不錯唷！有暗中收到禮物或金錢的機會。商務接洽者適合在競爭中得財。','2020-04-19 14:03:54','2020-04-19 14:03:54'),(161,5,5,1,'整體運勢★★★★★',5,'會有一種「眾裡尋他千百度，驀然回首燈火闌珊處」的感覺。對金錢看得比較淡，花錢也不計後果，有多少就會用多少。這種一個人吃飽、全家不餓的概念可要好好修正了，不然等有了另一半的時候再來改的話，日子就會不好過了哦。','2020-04-19 14:03:54','2020-04-19 14:03:54'),(162,5,5,2,'愛情運勢★★★★★',5,'愛情運強滾滾！羅曼蒂克的色彩濃厚，好好享受今日的美好時光吧！','2020-04-19 14:03:54','2020-04-19 14:03:54'),(163,5,5,3,'事業運勢★★★★☆',4,'運勢不錯，有許多機會讓你發揮、運用，而且容易得到異性朋友從中協助喔！','2020-04-19 14:03:54','2020-04-19 14:03:54'),(164,5,5,4,'財運運勢★★★★☆',4,'財運順暢，賺錢不太費力，股票族可憑著直覺與分析而小有收穫；商務談判者有機會接到訂單；對於一般上班族的影響不大。','2020-04-19 14:03:54','2020-04-19 14:03:54'),(165,5,6,1,'整體運勢★★★★☆',4,'田宅、居所會為你帶來很多瑣碎的問題，令你破費且花心機，還不如保持原狀；財源甚為穩定，且有意外之財，為人慷慨花點錢也是不可避免的事；和心愛之人瘋狂放縱一次，感情能燃燒得更旺。','2020-04-19 14:03:54','2020-04-19 14:03:54'),(166,5,6,2,'愛情運勢★★★★☆',4,'單身者有機會與異性約會，讓你有了戀愛的感覺，沉浸在愛情的甜蜜當中。','2020-04-19 14:03:54','2020-04-19 14:03:54'),(167,5,6,3,'事業運勢★★★☆☆',3,'面對挫折時態度較為成熟，但還是會為了面子問題而鑽牛角尖。','2020-04-19 14:03:54','2020-04-19 14:03:54'),(168,5,6,4,'財運運勢★★★★☆',4,'主動與客戶聯繫，財運不請自來。','2020-04-19 14:03:54','2020-04-19 14:03:54'),(169,5,7,1,'整體運勢★★★☆☆',3,'桃花接踵而至，但每朵桃花出現的方式都不盡相同，還得睜大雙眼哦！熱衷於股市投資的人今天不要急著出手，時機還未成熟；工作中會有不錯的表現機會，可別老待在家裡，機會多來自公司組織的活動哦！','2020-04-19 14:03:54','2020-04-19 14:03:54'),(170,5,7,2,'愛情運勢★★★★☆',4,'夫妻感情融洽，沉浸在家庭的歡樂氣氛中；戀愛中人走訪雙方父母，商討結婚事宜。','2020-04-19 14:03:54','2020-04-19 14:03:54'),(171,5,7,3,'事業運勢★★★☆☆',3,'可做自己長久以來一直想做的事，易如願以償；在圖書館、休閒中心易遇到貴人。','2020-04-19 14:03:54','2020-04-19 14:03:54'),(172,5,7,4,'財運運勢★★☆☆☆',2,'莫過度斤斤計較，否則恐淪為他人眼中的小氣財神。','2020-04-19 14:03:54','2020-04-19 14:03:54'),(173,5,8,1,'整體運勢★★★☆☆',3,'給愛人一個LOVEKISS吧，相信他會覺得異樣的甜蜜；多去朋友、親戚家串串門子，聯絡聯絡感情，大家一起樂活樂活；沒有工作的壓力、沒有擾人的業務聯絡電話，心情大為舒暢。','2020-04-19 14:03:54','2020-04-19 14:03:54'),(174,5,8,2,'愛情運勢★★★☆☆',3,'對情人不妨大方一些，有空多陪對方散散步，買些小禮物表示你的心意，對方會很開心喔！','2020-04-19 14:03:54','2020-04-19 14:03:54'),(175,5,8,3,'事業運勢★★★★☆',4,'思路清晰，是學習新知、提高技能的好時機，可考慮學習進修之事。','2020-04-19 14:03:54','2020-04-19 14:03:54'),(176,5,8,4,'財運運勢★★★☆☆',3,'用活潑與幽默來展現個人魅力，方能開啟財運。','2020-04-19 14:03:54','2020-04-19 14:03:54'),(177,5,9,1,'整體運勢★★★☆☆',3,'今天是放鬆身心的日子，可以玩網路遊戲，讓你沉醉在遊戲的情節，有身臨其境的感覺；也可以看看經典的武俠小說，能喚起你心中成為英雄美女的夢想，讓你感懷生活，激發對美好明天的憧憬。','2020-04-19 14:03:54','2020-04-19 14:03:54'),(178,5,9,2,'愛情運勢★★★☆☆',3,'戀愛中的人感情難以突破，讓你的內心感到不安。別鑽牛角尖，要相信自己也相信對方才行。','2020-04-19 14:03:54','2020-04-19 14:03:54'),(179,5,9,3,'事業運勢★★☆☆☆',2,'容易有一些突如其來的困難讓你措手不及，做事應小心謹慎，感情用事會誤了大事唷！','2020-04-19 14:03:54','2020-04-19 14:03:54'),(180,5,9,4,'財運運勢★★★★☆',4,'當遇到錢財困境時，有貴人相助，事情進行得很順利。','2020-04-19 14:03:54','2020-04-19 14:03:54'),(181,5,10,1,'整體運勢★★★☆☆',3,'情緒掌控得較好，只要對周圍的人多花點心思，就能相處愉快。財運上還需要穩紮穩打，不要太過急進。適合參加團體活動，長袖善舞能為你贏得好口碑。回家時給家人帶份宵夜，會讓他們覺得很溫馨。','2020-04-19 14:03:54','2020-04-19 14:03:54'),(182,5,10,2,'愛情運勢★★★☆☆',3,'你和戀人的關係趨於平順。倘若能培養共同的興趣愛好，感情會更上一層樓唷！','2020-04-19 14:03:54','2020-04-19 14:03:54'),(183,5,10,3,'事業運勢★★★☆☆',3,'雖然要完成的事情很多，但因家人的支持與關心，讓你內心充滿鬥志，辦事效率大增。','2020-04-19 14:03:54','2020-04-19 14:03:54'),(184,5,10,4,'財運運勢★★☆☆☆',2,'徬徨不前、散漫懶惰者，則得財不順，容易流失錢財。','2020-04-19 14:03:54','2020-04-19 14:03:54'),(185,5,11,1,'整體運勢★★★★☆',4,'愛神高調降臨，無需花費心思引人注意，親切的問候或貼心的舉動，已經獲得他的好評。健身房、茶藝館、咖啡廳等休閒娛樂場所是你的幸運地，放鬆的同時，還有機會結識新朋友。手氣平淡，不宜走偏財門路。','2020-04-19 14:03:54','2020-04-19 14:03:54'),(186,5,11,2,'愛情運勢★★★★☆',4,'在聚會中有機會結識成熟穩重的異性朋友，若能保持聯繫，可迅速拉近彼此的距離！','2020-04-19 14:03:54','2020-04-19 14:03:54'),(187,5,11,3,'事業運勢★★★★☆',4,'運勢佳，別一昧追求和諧，該爭取的時候就要堅持，表現你的競爭力。','2020-04-19 14:03:54','2020-04-19 14:03:54'),(188,5,11,4,'財運運勢★★★☆☆',3,'對親戚朋友的打點是一項不可避免的開銷。','2020-04-19 14:03:54','2020-04-19 14:03:54'),(189,5,12,1,'整體運勢★★★☆☆',3,'良好的人際關係，在生活中能為你幫不少忙。收到一堆信件沒有回覆，利用今天的空閒一次處理完畢。桃花運不錯，會有意料之外的相遇，努力表現哦。給父母買套合身的衣服，他們會為有你這麼孝順的子女而開心。','2020-04-19 14:03:54','2020-04-19 14:03:54'),(190,5,12,2,'愛情運勢★★★★☆',4,'已婚者與另一半度過甜蜜，令感情大增；單身者與朋友相處融洽，人氣指數上升！','2020-04-19 14:03:54','2020-04-19 14:03:54'),(191,5,12,3,'事業運勢★★★☆☆',3,'運勢平順，適合調整步伐，別急著向前衝，有機會從他人口中獲得商業信息。','2020-04-19 14:03:54','2020-04-19 14:03:54'),(192,5,12,4,'財運運勢★★★☆☆',3,'對於道聽塗說得來的投資信息，不可全信，只可參考。','2020-04-19 14:03:54','2020-04-19 14:03:54');
/*!40000 ALTER TABLE `click108_infos` ENABLE KEYS */;
UNLOCK TABLES;

--
-- Table structure for table `click108_names`
--

DROP TABLE IF EXISTS `click108_names`;
/*!40101 SET @saved_cs_client     = @@character_set_client */;
/*!50503 SET character_set_client = utf8mb4 */;
CREATE TABLE `click108_names` (
  `id` int(10) unsigned NOT NULL AUTO_INCREMENT,
  `click108_name` varchar(32) COLLATE utf8mb4_unicode_ci NOT NULL COMMENT '星座名稱',
  `created_at` timestamp NOT NULL DEFAULT CURRENT_TIMESTAMP,
  `updated_at` timestamp NOT NULL DEFAULT CURRENT_TIMESTAMP ON UPDATE CURRENT_TIMESTAMP,
  PRIMARY KEY (`id`)
) ENGINE=InnoDB AUTO_INCREMENT=13 DEFAULT CHARSET=utf8mb4 COLLATE=utf8mb4_unicode_ci;
/*!40101 SET character_set_client = @saved_cs_client */;

--
-- Dumping data for table `click108_names`
--

LOCK TABLES `click108_names` WRITE;
/*!40000 ALTER TABLE `click108_names` DISABLE KEYS */;
INSERT INTO `click108_names` VALUES (1,'水瓶座','2020-04-19 08:03:40','2020-04-19 08:03:40'),(2,'雙魚座','2020-04-19 08:03:40','2020-04-19 08:03:40'),(3,'牡羊座','2020-04-19 08:03:40','2020-04-19 08:03:40'),(4,'金牛座','2020-04-19 08:03:40','2020-04-19 08:03:40'),(5,'雙子座','2020-04-19 08:03:40','2020-04-19 08:03:40'),(6,'巨蟹座','2020-04-19 08:03:40','2020-04-19 08:03:40'),(7,'獅子座','2020-04-19 08:03:40','2020-04-19 08:03:40'),(8,'處女座','2020-04-19 08:03:40','2020-04-19 08:03:40'),(9,'天秤座','2020-04-19 08:03:40','2020-04-19 08:03:40'),(10,'天蠍座','2020-04-19 08:03:40','2020-04-19 08:03:40'),(11,'射手座','2020-04-19 08:03:40','2020-04-19 08:03:40'),(12,'摩羯座','2020-04-19 08:03:40','2020-04-19 08:03:40');
/*!40000 ALTER TABLE `click108_names` ENABLE KEYS */;
UNLOCK TABLES;

--
-- Table structure for table `click108_types`
--

DROP TABLE IF EXISTS `click108_types`;
/*!40101 SET @saved_cs_client     = @@character_set_client */;
/*!50503 SET character_set_client = utf8mb4 */;
CREATE TABLE `click108_types` (
  `id` int(10) unsigned NOT NULL AUTO_INCREMENT,
  `click108_type` varchar(32) COLLATE utf8mb4_unicode_ci NOT NULL COMMENT '運勢分類',
  `created_at` timestamp NOT NULL DEFAULT CURRENT_TIMESTAMP,
  `updated_at` timestamp NOT NULL DEFAULT CURRENT_TIMESTAMP ON UPDATE CURRENT_TIMESTAMP,
  PRIMARY KEY (`id`)
) ENGINE=InnoDB AUTO_INCREMENT=5 DEFAULT CHARSET=utf8mb4 COLLATE=utf8mb4_unicode_ci;
/*!40101 SET character_set_client = @saved_cs_client */;

--
-- Dumping data for table `click108_types`
--

LOCK TABLES `click108_types` WRITE;
/*!40000 ALTER TABLE `click108_types` DISABLE KEYS */;
INSERT INTO `click108_types` VALUES (1,'整體運勢','2020-04-19 08:03:40','2020-04-19 08:03:40'),(2,'愛情運勢','2020-04-19 08:03:40','2020-04-19 08:03:40'),(3,'事業運勢','2020-04-19 08:03:40','2020-04-19 08:03:40'),(4,'財運運勢','2020-04-19 08:03:40','2020-04-19 08:03:40');
/*!40000 ALTER TABLE `click108_types` ENABLE KEYS */;
UNLOCK TABLES;

--
-- Table structure for table `click108s`
--

DROP TABLE IF EXISTS `click108s`;
/*!40101 SET @saved_cs_client     = @@character_set_client */;
/*!50503 SET character_set_client = utf8mb4 */;
CREATE TABLE `click108s` (
  `id` int(10) unsigned NOT NULL AUTO_INCREMENT,
  `date` timestamp NOT NULL COMMENT '存放過去至今的日期',
  `created_at` timestamp NOT NULL DEFAULT CURRENT_TIMESTAMP,
  `updated_at` timestamp NOT NULL DEFAULT CURRENT_TIMESTAMP ON UPDATE CURRENT_TIMESTAMP,
  PRIMARY KEY (`id`)
) ENGINE=InnoDB AUTO_INCREMENT=6 DEFAULT CHARSET=utf8mb4 COLLATE=utf8mb4_unicode_ci;
/*!40101 SET character_set_client = @saved_cs_client */;

--
-- Dumping data for table `click108s`
--

LOCK TABLES `click108s` WRITE;
/*!40000 ALTER TABLE `click108s` DISABLE KEYS */;
INSERT INTO `click108s` VALUES (1,'2020-04-18 16:00:00','2020-04-19 01:35:32','2020-04-19 01:35:32'),(2,'2020-04-18 16:00:00','2020-04-19 03:41:44','2020-04-19 03:41:44'),(3,'2020-04-18 16:00:00','2020-04-19 12:04:10','2020-04-19 12:04:10'),(4,'2020-04-18 16:00:00','2020-04-19 13:03:47','2020-04-19 13:03:47'),(5,'2020-04-18 16:00:00','2020-04-19 14:03:54','2020-04-19 14:03:54');
/*!40000 ALTER TABLE `click108s` ENABLE KEYS */;
UNLOCK TABLES;
/*!40103 SET TIME_ZONE=@OLD_TIME_ZONE */;

/*!40101 SET SQL_MODE=@OLD_SQL_MODE */;
/*!40014 SET FOREIGN_KEY_CHECKS=@OLD_FOREIGN_KEY_CHECKS */;
/*!40014 SET UNIQUE_CHECKS=@OLD_UNIQUE_CHECKS */;
/*!40101 SET CHARACTER_SET_CLIENT=@OLD_CHARACTER_SET_CLIENT */;
/*!40101 SET CHARACTER_SET_RESULTS=@OLD_CHARACTER_SET_RESULTS */;
/*!40101 SET COLLATION_CONNECTION=@OLD_COLLATION_CONNECTION */;
/*!40111 SET SQL_NOTES=@OLD_SQL_NOTES */;

-- Dump completed on 2020-04-19 22:46:01
